Models,Specificity,Sensivity,Accuracy,F1 score,Precision (PPV)
Binary models,1.0,1.0,1.0,1.0,1.0
Severity models,0.9736842105263158,0.9565217391304348,0.9696969696969697,0.9361702127659575,0.9166666666666666
All models,0.9736842105263158,0.9565217391304348,0.9696969696969697,0.9361702127659575,0.9166666666666666
